1,2,M2,Ravichandran,Ashwin,India,ALL-ROUNDER,200
2,2,M2,Shikhar,Dhawan,India,BATSMAN,200
3,2,M2,Faf,Du Plessis,South Africa,BATSMAN,150
4,2,M2,Chris,Gayle,West Indies,BATSMAN,200
5,2,M2,Kieron,Pollard,West Indies,ALL-ROUNDER,200
6,2,M2,Ajinkya,Rahane,India,BATSMAN,200
7,2,M2,Mitchell,Starc,Australia,BOWLER,200
8,2,M2,Ben,Stokes,England,ALL-ROUNDER,200
9,2,M2,Dwayne,Bravo,West Indies,ALL-ROUNDER,200
10,2,M2,Gautam,Gambhir,India,BATSMAN,200
11,2,M2,Shakib,Hasan,Bangladesh,ALL-ROUNDER,100
12,2,M2,Glenn,Maxwell,Australia,ALL-ROUNDER,200
13,2,M2,Joe,Root,England,BATSMAN,150
14,2,M2,Harbhajan,Singh,India,BOWLER,200
15,2,M2,Yuvraj,Singh,India,ALL-ROUNDER,200
16,2,M2,Kane,Williamson,New Zealand,BATSMAN,150
