1,A,M0,Mahendra Singh,Dhoni,India,WICKETKEEPER,250
2,A,M0,Suresh ,Raina,India,ALL-ROUNDER,200
3,A,M0,Ravindra ,Jadeja,India,ALL-ROUNDER,200
4,A,M0,Rishabh,Pant,India,BATSMAN,150
5,A,M0,Chris,Morris,South Africa,ALL-ROUNDER,150
6,A,M0,Shreyas,Iyer,India,BATSMAN,150
7,A,M0,Axer,Patel,India,ALL-ROUNDER,100
8,A,M0,Sunil,Narine,West Indies,BOWLER,150
9,A,M0,Andre,Russel,West Indies,ALL-ROUNDER,150
10,A,M0,Rohit ,Sharma,India,BATSMAN,200
11,A,M0,Hardik,Pandya,India,ALL-ROUNDER,200
12,A,M0,Jasprit,Bumrah,India,BOWLER,200
13,A,M0,Steve,Smith,Australia,BATSMAN,200
14,A,M0,Virat,Kohli,India,BATSMAN,250
15,A,M0,AB,de Villiers,South Africa,WICKETKEEPER,250
16,A,M0,Sarfaraz,Khan,India,BATSMAN,100
17,A,M0,David,Warner,Australia,BATSMAN,250
18,A,M0,Bhuvneshwar,Kumar,India,BOWLER,200
